id	status	operation	parents	val_bpb	best_parent_val_bpb	delta_vs_best_parent	hypothesis
exp_000001	finished	expand	exp_000000	2.071571	1.885642	0.185929	A short 2% linear learning-rate warmup will reduce early optimizer transients and improve final validation bits per byte under the fixed training-time budget.
exp_000002	finished	merge	exp_000000,exp_000001	2.000118	1.885642	0.11447600000000002	A short 2% linear learning-rate warmup will reduce early optimizer transients and improve final validation bits per byte under the fixed training-time budget.
exp_000003	finished	expand	exp_000000	2.002774	1.885642	0.11713200000000001	A 5% linear learning-rate warmup will reduce early optimization shock from the aggressive embedding and Muon learning rates, improving convergence and lowering val_bpb within the fixed training-time budget.
exp_000004	finished	expand	exp_000000	2.002898	1.885642	0.11725600000000003	Add a 10% linear learning-rate warmup to stabilize the aggressive early Muon/Adam updates, improving optimization during the fixed training budget and lowering val_bpb.
exp_000005	finished	merge	exp_000000,exp_000002	2.002231	1.885642	0.11658900000000005	A short 2% linear learning-rate warmup will reduce early optimizer transients and improve final validation bits per byte under the fixed training-time budget.
exp_000006	finished	expand	exp_000000	1.891442	1.885642	0.005800000000000027	Extend the linear learning-rate warmdown from 50% to 70% of training progress so the fixed-time run uses smaller updates during more of its late optimization phase, reducing late-stage overshoot and lowering val_bpb.
exp_000007	finished	merge	exp_000006,exp_000000	1.890996	1.885642	0.005353999999999859	Extend the linear learning-rate warmdown to 70% of training progress so the fixed-time run uses smaller updates during more of its late optimization phase, reducing late-stage overshoot and lowering val_bpb.
exp_000008	finished	merge	exp_000003,exp_000007	2.020632	1.890996	0.12963600000000008	A 5% linear learning-rate warmup will reduce early optimization shock from the aggressive embedding and Muon learning rates, while a 70% linear learning-rate warmdown will reduce late-stage overshoot; combining both schedules will improve convergence and lower val_bpb within the fixed training-time budget.
exp_000009	finished	merge	exp_000006,exp_000002	2.019149	1.891442	0.12770700000000001	A 2% linear learning-rate warmup will reduce early optimizer transients, while extending the linear warmdown to 70% of training progress will reduce late-stage overshoot; together they should improve final validation bits per byte under the fixed training-time budget.
exp_000010	finished	expand	exp_000006	1.89375	1.891442	0.0023079999999999767	Extend the linear learning-rate warmdown from 70% to 80% of training progress so the fixed-time run uses smaller updates during more of its late optimization phase, reducing late-stage overshoot and lowering val_bpb.
exp_000011	finished	expand	exp_000010	1.896472	1.89375	0.002721999999999891	Extending the linear learning-rate warmdown from 80% to 90% of training progress will use smaller updates across more of the fixed-time run's late optimization phase, reducing late-stage overshoot and lowering val_bpb.
exp_000012	finished	merge	exp_000011,exp_000000	1.896779	1.885642	0.011136999999999952	A's 90% linear learning-rate warmdown is a distinct, compatible improvement over baseline B's 50% warmdown: it applies smaller updates across more of the fixed-time run's late optimization phase, reducing late-stage overshoot and potentially lowering val_bpb.
exp_000013	finished	expand	exp_000010	1.897033	1.89375	0.003282999999999925	Extend the linear learning-rate warmdown from 80% to 90% of training progress so the fixed-time run uses smaller updates during more of its late optimization phase, reducing late-stage overshoot and lowering val_bpb.
exp_000014	finished	expand	exp_000013	1.898553	1.897033	0.0015199999999999658	Extend the linear learning-rate warmdown from 90% to 95% of training progress so the fixed-time run uses smaller updates during more of its late optimization phase, reducing late-stage overshoot and lowering val_bpb.
exp_000015	finished	expand	exp_000010	1.896984	1.89375	0.003233999999999959	Extend the linear learning-rate warmdown from 80% to 90% of training progress so the fixed-time run uses smaller updates during more of its late optimization phase, further reducing late-stage overshoot and lowering val_bpb.
exp_000016	finished	expand	exp_000012	1.909486	1.896779	0.012707000000000024	Extending the linear learning-rate warmdown from 90% to 95% of the fixed-time run should reduce late-stage overshoot further by applying smaller updates across more of the final optimization phase, lowering val_bpb while preserving the parent improvement over the 50% baseline.
exp_000017	finished	merge	exp_000011,exp_000016	1.89951	1.896472	0.003038000000000096	Extend the linear learning-rate warmdown from 90% to 95% of training progress, preserving the parent improvement from the 50% baseline while applying smaller updates across more of the final optimization phase to reduce late-stage overshoot and lower val_bpb.
exp_000018	finished	expand	exp_000015	1.898332	1.896984	0.0013479999999999048	Extend the linear learning-rate warmdown from 90% to 95% of training progress so the fixed-time run uses smaller updates during more of its late optimization phase, further reducing late-stage overshoot and lowering val_bpb.
exp_000019	finished	expand	exp_000016	1.90036	1.909486	-0.009125999999999967	Extending the linear learning-rate warmdown from 95% to 100% of the fixed-time run should reduce late-stage overshoot further by applying gradually smaller updates throughout the run, lowering val_bpb while preserving the parent improvement over the 50% baseline.
exp_000020	finished	merge	exp_000011,exp_000017	1.898923	1.896472	0.002450999999999981	Extend the linear learning-rate warmdown to 95% of training progress, preserving the improvement from the 90% setting while applying smaller updates across more of the final optimization phase to reduce late-stage overshoot and lower val_bpb.
exp_000021	finished	expand	exp_000020	1.900689	1.898923	0.0017660000000001563	Extending the linear learning-rate warmdown from 95% to 100% of training progress will apply gradually smaller updates throughout the run, reducing late-stage overshoot and lowering val_bpb while preserving the parent improvement.
exp_000022	finished	expand	exp_000014	1.90026	1.898553	0.001707000000000125	Extending the linear learning-rate warmdown from 95% to 100% of training progress will use gradually smaller updates throughout the run, reducing late-stage overshoot and lowering val_bpb.
exp_000023	finished	merge	exp_000018,exp_000019	1.915339	1.898332	0.017006999999999994	The two hypotheses are compatible sequential extensions of the same linear learning-rate warmdown: combining them sets WARMDOWN_RATIO to 1.0, applying gradually smaller updates across the full fixed-time run and incorporating the 90%-to-95% improvement while extending it through the final 5%.
exp_000024	finished	expand	exp_000014	1.898372	1.898553	-0.00018099999999998673	Extending the linear learning-rate warmdown from 95% to 100% of training progress will reduce the learning rate throughout the run, using smaller updates during the late optimization phase and lowering val_bpb by reducing late-stage overshoot.
exp_000025	finished	merge	exp_000014,exp_000022	1.898248	1.898553	-0.0003049999999999997	Extend the linear learning-rate warmdown to 100% of training progress, combining the sequential 90%-to-95% and 95%-to-100% extensions so updates decrease throughout the run and reduce late-stage overshoot, lowering val_bpb.
exp_000026	finished	expand	exp_000024	1.904339	1.898372	0.005967000000000056	Reducing MATRIX_LR from 0.04 to 0.036 will make Muon updates to matrix parameters smaller, complementing the parent's full-run linear warmdown and reducing residual late-stage overshoot, thereby lowering val_bpb.
exp_000027	finished	merge	exp_000026,exp_000025	1.903838	1.898248	0.005589999999999984	The hypotheses are distinct and compatible: retain the full-run linear warmdown (WARMDOWN_RATIO=1.0, ending at FINAL_LR_FRAC=0.0) and reduce Muon matrix learning rate to 0.036 to further limit late-stage matrix-update overshoot and lower val_bpb.
exp_000028	finished	merge	exp_000017,exp_000022	1.900852	1.89951	0.0013419999999999543	The hypotheses are distinct and compatible sequential extensions: preserve the 95% warmdown improvement from A and extend it to 100% as proposed by B, applying progressively smaller learning-rate updates through the entire run to reduce late-stage overshoot and lower val_bpb.
exp_000029	finished	expand	exp_000028	1.917019	1.900852	0.016167000000000042	Preserving the parent’s full-run warmdown while changing the learning-rate decay from linear to quadratic will apply smaller updates earlier and increasingly conservative updates late in training, reducing overshoot and lowering val_bpb.
exp_000030	finished	expand	exp_000015	1.898985	1.896984	0.0020009999999999195	Extend the linear learning-rate warmdown from 90% to 95% of training progress so the fixed-time run uses smaller updates during more of its late optimization phase, further reducing late-stage overshoot and lowering val_bpb.
